{"token":"_ga=GA1.1.277438727.1779807659; _ga_MWG30LDQKZ=GS2.1.s1779856190$o2$g1$t1779856208$j42$l0$h991303955; _gcl_ag=2.1.k0AAAAA-NjCdWgZAVHwnyjWHQc1zyBfei0V$i1779807694; _gcl_au=1.1.130313448.1779807659; _gcl_aw=GCL.1779856191.CjwKCAjwidXQBhAZEiwA4egw6EZs8CaXVCf9ZCeju6CBUMTULaShJRxavHu_OLG7qTaGdXYntFeNKRoCiU4QAvD_BwE; _gcl_gs=2.1.k1$i1779856186$u122143569; accept-language=en-001; did=web_bhcooh3a8wo0ljkqc1welc9f58f13o2f4yir; g_state={\"i_l\":0,\"i_ll\":1779856206178,\"i_b\":\"Ugh+G4hRvxyxmTjh8oD7Zsa8AsY66TKTVbnOSfWhElY\",\"i_e\":{\"enable_itp_optimization\":0},\"i_et\":1779807696524}; history-locale=en; kGateway-identity=kGateway-a3238113-135590503; ksi18n.ai.portal_ph=5d2cefcc4e72233eef12f63cd33ede9442cd; ksi18n.ai.portal_st=ChNrc2kxOG4uYWkucG9ydGFsLnN0EqABxpw23pDQobPJXWLHc9OZV83jSQWUS26CMH7I2BPCEcUMaSKI44y7G9iNwHuo1blcTRrZIYwdmjugSwjXLiowTBnJ547q1kFTe_3PEa08nTu2QWMJlXh8jKnaQPlyMMZqgPMRvrD3P8YC9GPt4Tz5JoIivxihQCN8rczuCty62ZIcPGNWVURYeKHreI6MxsmIvQ7-zfM5wLm-0ay3ZMkv2xoSMIfFJEjIOQXjHAe3phEnMs2uIiCVag4FTnkni199MW-IwF9uOGxrzAlkFqNZmT4JT6YhnygFMAE; kwfv1=+/PIG9bS+90zD8/40D8eZA8nPIPn8Y+0cEGf8f+e8f8nPhG/LAG0clw/WFG0zYP0+f+/qhG9G7PAQY+fHU+0zD8e+DP9clPnQS8ncI8/WUGfLE80W7G/q7P0GlG/bD8ecl8emD+nbDw/qM+/zYPeqIGfQYP0G9PeWlPeHhwBPhPeP=; kwpsecproductname=kling-web-sgp; kwscode=44f52808927f2e0c07c9b448cd2a6c5a85dbd3211fa1cc694bacb26346fa59af; kwssectoken=W6BXtI+cmES4uRtFVsxBe1N/RmbCZA0NuB7eCMHhWF92zQgKa0FRSg7TQ80cE1HBB1bVa4VFStQ3YX308HHfng==; passToken=ChNwYXNzcG9ydC5wYXNzLXRva2VuEsAB42GvBR70-e4LQA8B1PN2Yovev0PFYM1lgliyc8SmpOW2tm6OeVw74TPzvfcwWz8fx9D5O_PF6H5IJ0_U5TxD_Y7uWg_O8Q85wmVHCt19H7gPPqi52_GHPf2iBh-y346ViqdV6OUY_Ln4RPbqsyh_qg4qNIJdg3vkU2-sNcXb03zqAlCM1ovKFGAy4Zl5Eq_P0DCrn8Cj1EOYbz3A9Zbg1PtLjLS9zkpm2ojVzB4WzNdTL7ajcQLVFEprQ4U5Mu6TGhLqF6N7DZHY52IevGrnz1ciMh8iIGoqVOVckCmwVHa4BrdwKlBVpkUe6K43bkIhVcewhXihKAUwAQ; teamId=; userId=73175734; userId=73175734; wid=30770000514689771","timestamp":1779858092457}